{
	"dictionary": {
	"0": 157,
	"1": 158,
	"2": 159,
	"3": 160,
	"4": 161,
	"5": 162,
	"6": 163,
	"7": 164,
	"8": 165,
	"9": 166,
	"11": 169,
	"111": 170,
	"e": 1,
	"t": 2,
	"a": 3,
	"o": 4,
	"i": 5,
	"n": 6,
	"s": 7,
	"r": 8,
	"h": 9,
	"l": 10,
	"d": 11,
	"c": 12,
	"u": 13,
	"m": 14,
	"f": 15,
	"p": 16,
	"g": 17,
	"w": 18,
	"y": 19,
	"b": 20,
	"v": 21,
	"k": 22,
	"x": 23,
	"j": 24,
	"q": 25,
	"z": 26,
	"th": 27,
	"he": 28,
	"in": 29,
	"er": 30,
	"an": 31,
	"re": 32,
	"on": 33,
	"at": 34,
	"en": 35,
	"nd": 36,
	"ti": 37,
	"es": 38,
	"or": 39,
	"te": 40,
	"of": 41,
	"ed": 42,
	"is": 43,
	"it": 44,
	"al": 45,
	"ar": 46,
	"st": 47,
	"to": 48,
	"nt": 49,
	"ng": 50,
	"se": 51,
	"ha": 52,
	"id": 53,
	"as": 54,
	"ou": 55,
	"io": 56,
	"le": 57,
	"ve": 58,
	"co": 59,
	"me": 60,
	"de": 61,
	"hi": 62,
	"ri": 63,
	"ro": 64,
	"ic": 65,
	"ne": 66,
	"ea": 67,
	"ra": 68,
	"ce": 69,
	"li": 70,
	"ch": 71,
	"ll": 72,
	"be": 73,
	"ma": 74,
	"si": 75,
	"om": 76,
	"ur": 77,
	"ss": 78,
	"the": 79,
	"and": 80,
	"ing": 81,
	"ion": 82,
	"tio": 83,
	"ent": 84,
	"ati": 85,
	"for": 86,
	"her": 87,
	"ter": 88,
	"hat": 89,
	"The": 90,
	"tha": 91,
	"ere": 92,
	"ate": 93,
	"his": 94,
	"con": 95,
	"res": 96,
	"ver": 97,
	"all": 98,
	"ons": 99,
	"nce": 100,
	"men": 101,
	"ith": 102,
	"ted": 103,
	"ers": 104,
	"pro": 105,
	"thi": 106,
	"wit": 107,
	"are": 108,
	"ess": 109,
	"not": 110,
	"ive": 111,
	"was": 112,
	"ect": 113,
	"rea": 114,
	"com": 115,
	"eve": 116,
	"per": 117,
	"int": 118,
	"est": 119,
	"sta": 120,
	"cti": 121,
	"ica": 122,
	"ist": 123,
	"ear": 124,
	"ain": 125,
	"one": 126,
	"our": 127,
	"iti": 128,
	"rat": 129,
	"tion": 130,
	"atio": 131,
	"that": 132,
	"ther": 133,
	"with": 134,
	"ment": 135,
	"ions": 136,
	"this": 137,
	"here": 138,
	"from": 139,
	"ould": 140,
	"ting": 141,
	"hich": 142,
	"whic": 143,
	"ctio": 144,
	"ence": 145,
	"have": 146,
	"othe": 147,
	"ight": 148,
	"sion": 149,
	"ation": 150,
	"tions": 151,
	"which": 152,
	"ction": 153,
	"other": 154,
	"their": 155,
	"http": 156,
	"00": 167,
	"000": 168,
	" t": 171,
	" o": 172,
	" i": 173,
	" s": 174,
	" c": 175,
	" w": 176,
	" h": 177,
	" b": 178,
	" f": 179,
	" m": 180,
	"e ": 181,
	"s ": 182,
	"t ": 183,
	"d ": 184,
	"n ": 185,
	"r ": 186,
	"y ": 187,
	"f ": 188,
	"l ": 189,
	"o ": 190,
	" ": 191,
	".": 192,
	",": 193,
	"  ": 194,
	". ": 195,
	", ": 196,
	"   ": 197,
	"/": 198,
	"\\": 199,
	":": 200,
	"{": 201,
	"}": 202,
	"[": 203,
	"]": 204,
	"\"": 205,
	"e, ": 206,
	"s, ": 207,
	", t": 208,
	", a": 209,
	" a ": 210,
	" th": 211,
	"nd ": 212,
	" in": 213,
	" of": 214,
	"of ": 215,
	"on ": 216,
	" an": 217,
	"is ": 218,
	" to": 219,
	"to ": 220,
	"t t": 221,
	"e t": 222,
	"s t": 223,
	"e a": 224,
	"s a": 225,
	"E": 226,
	"T": 227,
	"A": 228,
	"O": 229,
	"I": 230,
	"N": 231,
	"S": 232,
	"R": 233,
	"H": 234,
	"L": 235,
	"D": 236,
	"C": 237,
	"U": 238,
	"M": 239,
	"F": 240,
	"P": 241,
	"G": 242,
	"W": 243,
	"Y": 244,
	"B": 245,
	"V": 246,
	"K": 247,
	"X": 248,
	"J": 249,
	"Q": 250,
	"Z": 251,
	"\",": 252,
	"\":\"": 253
},
	"inv_dictionary": ["","e", "t", "a", "o", "i", "n", "s", "r", "h", "l", "d", "c", "u", "m", "f", "p", "g", "w", "y", "b", "v", "k", "x", "j", "q", "z", "th", "he", "in", "er", "an", "re", "on", "at", "en", "nd", "ti", "es", "or", "te", "of", "ed", "is", "it", "al", "ar", "st", "to", "nt", "ng", "se", "ha", "id", "as", "ou", "io", "le", "ve", "co", "me", "de", "hi", "ri", "ro", "ic", "ne", "ea", "ra", "ce", "li", "ch", "ll", "be", "ma", "si", "om", "ur", "ss", "the", "and", "ing", "ion", "tio", "ent", "ati", "for", "her", "ter", "hat", "The", "tha", "ere", "ate", "his", "con", "res", "ver", "all", "ons", "nce", "men", "ith", "ted", "ers", "pro", "thi", "wit", "are", "ess", "not", "ive", "was", "ect", "rea", "com", "eve", "per", "int", "est", "sta", "cti", "ica", "ist", "ear", "ain", "one", "our", "iti", "rat", "tion", "atio", "that", "ther", "with", "ment", "ions", "this", "here", "from", "ould", "ting", "hich", "whic", "ctio", "ence", "have", "othe", "ight", "sion", "ation", "tions", "which", "ction", "other", "their", "http", "0", "1", "2", "3", "4", "5", "6", "7", "8", "9", "00", "000", "11", "111", " t", " o", " i", " s", " c", " w", " h", " b", " f", " m", "e ", "s ", "t ", "d ", "n ", "r ", "y ", "f ", "l ", "o ", " ", ".", ",", "  ", ". ", ", ", "   ", "/", "\\", ":", "{", "}", "[", "]", "\"", "e, ", "s, ", ", t", ", a", " a ", " th", "nd ", " in", " of", "of ", "on ", " an", "is ", " to", "to ", "t t", "e t", "s t", "e a", "s a", "E", "T", "A", "O", "I", "N", "S", "R", "H", "L", "D", "C", "U", "M", "F", "P", "G", "W", "Y", "B", "V", "K", "X", "J", "Q", "Z", "\",", "\":\""],
	"max_length": 5
}