{
  "0": "sItemBomb_0",
  "1": "sItemPowergrip_0",
  "2": "sItemSpiderBall_0",
  "3": "sItemJumpBall_0",
  "4": "sItemHijump_0",
  "5": "sItemVariaSuit_0",
  "6": "sItemSpaceJump_0",
  "7": "sItemSpeedBooster_0",
  "8": "sItemScrewAttack_0",
  "9": "sItemGravitySuit_0",
  "10": "sItemChargeBeam_0",
  "11": "sItemIceBeam_0",
  "12": "sItemWaveBeam_0",
  "13": "sItemSpazerBeam_0",
  "14": "sItemPlasmaBeam_0",
  "52": "sItemMissile_0",
  "53": "sItemMissile_0",
  "54": "sItemMissile_0",
  "55": "sItemMissile_0",
  "56": "sItemMissile_0",
  "57": "sItemMissile_0",
  "60": "sItemMissile_0",
  "100": "sItemMissile_0",
  "101": "sItemMissile_0",
  "102": "sItemMissile_0",
  "104": "sItemMissile_0",
  "105": "sItemMissile_0",
  "106": "sItemMissile_0",
  "107": "sItemMissile_0",
  "109": "sItemMissile_0",
  "111": "sItemMissile_0",
  "150": "sItemMissile_0",
  "151": "sItemMissile_0",
  "152": "sItemMissile_0",
  "153": "sItemMissile_0",
  "154": "sItemMissile_0",
  "155": "sItemMissile_0",
  "156": "sItemMissile_0",
  "159": "sItemMissile_0",
  "161": "sItemMissile_0",
  "163": "sItemMissile_0",
  "202": "sItemMissile_0",
  "203": "sItemMissile_0",
  "204": "sItemMissile_0",
  "205": "sItemMissile_0",
  "208": "sItemMissile_0",
  "210": "sItemMissile_0",
  "211": "sItemMissile_0",
  "214": "sItemMissile_0",
  "250": "sItemMissile_0",
  "252": "sItemMissile_0",
  "255": "sItemMissile_0",
  "257": "sItemMissile_0",
  "259": "sItemMissile_0",
  "303": "sItemMissile_0",
  "304": "sItemMissile_0",
  "307": "sItemMissile_0",
  "308": "sItemMissile_0",
  "309": "sItemMissile_0",
  "51": "sItemSuperMissile_0",
  "110": "sItemSuperMissile_0",
  "162": "sItemSuperMissile_0",
  "206": "sItemSuperMissile_0",
  "207": "sItemSuperMissile_0",
  "209": "sItemSuperMissile_0",
  "215": "sItemSuperMissile_0",
  "256": "sItemSuperMissile_0",
  "300": "sItemSuperMissile_0",
  "305": "sItemSuperMissile_0",
  "50": "sItemEnergyTank_0",
  "103": "sItemEnergyTank_0",
  "108": "sItemEnergyTank_0",
  "157": "sItemEnergyTank_0",
  "158": "sItemEnergyTank_0",
  "200": "sItemEnergyTank_0",
  "201": "sItemEnergyTank_0",
  "251": "sItemEnergyTank_0",
  "254": "sItemEnergyTank_0",
  "306": "sItemEnergyTank_0",
  "58": "sItemPowerBomb_0",
  "59": "sItemPowerBomb_0",
  "112": "sItemPowerBomb_0",
  "160": "sItemPowerBomb_0",
  "212": "sItemPowerBomb_0",
  "213": "sItemPowerBomb_0",
  "253": "sItemPowerBomb_0",
  "258": "sItemPowerBomb_0",
  "301": "sItemPowerBomb_0",
  "302": "sItemPowerBomb_0"
}